Kelas,Kode,Piksel,Area_km2,Persentase,Skor
Buruk,,27710,24.741421720843054,18.04365379105566,1.0
Kurang Baik,,125862,112.37837678198298,81.95634620894434,2.0
