Kelas,Skor,Piksel,Area_km2,Persentase
Sesuai (Skor 2),2.0,12781,126.79743013516783,92.54217652595756
Sangat Sesuai (Skor 3),3.0,1030,10.21839864167302,7.45782347404243
